Target,Model_Type,CV_Spearman_Mean,CV_Spearman_Std,CV_MAE_Mean,CV_MAE_Std,Training_Samples
LogD,CatBoost,0.8654998369708835,0.01350461273583458,0.45121929878429745,0.0197684487091702,5039
KSOL,CatBoost,0.7043914049059985,0.016543194507646415,64.2140020467411,0.9098733472145004,5128
HLM CLint,CatBoost,0.5581005693004066,0.04275327449871485,44.78184092540891,1.735222823003446,3759
MLM CLint,CatBoost,0.6847914214140193,0.017427595871475483,429.91113871271244,18.152330854027017,4522
Caco-2 Permeability Papp A>B,RandomForest,0.649169583819617,0.036622597675263775,6.123339800539326,0.2154988083538845,2157
Caco-2 Permeability Efflux,CatBoost,0.5023103711243042,0.0412095198313387,3.4373350382359007,0.23359751420905817,2161
MPPB,CatBoost,0.7072230368274781,0.0350598240352474,7.927462703297422,0.26351768357668703,1302
MBPB,CatBoost,0.6725554281738073,0.04396105369474925,5.076831788167024,0.4639961896952596,975
MGMB,CatBoost,0.8125271333931507,0.027511677756726853,3.704394431023612,0.4325059036982824,222
