,LogD,KSOL,HLM CLint,MLM CLint,Caco-2 Permeability Papp A>B,Caco-2 Permeability Efflux,MPPB,MBPB,MGMB
LogD,1.0,-0.5419776628671712,0.25323188333946545,0.30556168625634483,0.0015911271646925369,-0.28583828512239734,-0.6856345057627504,-0.5069507135918855,-0.4992525651271866
KSOL,-0.5419776628671712,1.0,-0.16347054688180016,-0.19482835185377187,-0.12510057923282739,0.08018175940306221,0.3266490158277394,0.33954683222158455,0.44566321707313633
HLM CLint,0.25323188333946545,-0.16347054688180016,1.0,0.560718611012686,0.00776721467276858,-0.0677524952292131,-0.17550696719257006,-0.14193118876749822,-0.2060972155348513
MLM CLint,0.30556168625634483,-0.19482835185377187,0.560718611012686,1.0,0.136630778113172,-0.12641741939350068,-0.22040387231547687,-0.14977885957645026,-0.05113354361646572
Caco-2 Permeability Papp A>B,0.0015911271646925369,-0.12510057923282739,0.00776721467276858,0.136630778113172,1.0,-0.332927737996956,-0.005606098746397966,0.08592071300824376,0.2166870213213951
Caco-2 Permeability Efflux,-0.28583828512239734,0.08018175940306221,-0.0677524952292131,-0.12641741939350068,-0.332927737996956,1.0,0.18144178378030665,-0.021528059979647195,-0.1355117206274822
MPPB,-0.6856345057627504,0.3266490158277394,-0.17550696719257006,-0.22040387231547687,-0.005606098746397966,0.18144178378030665,1.0,0.6139959875468582,0.4590506043553864
MBPB,-0.5069507135918855,0.33954683222158455,-0.14193118876749822,-0.14977885957645026,0.08592071300824376,-0.021528059979647195,0.6139959875468582,1.0,0.9042587205104469
MGMB,-0.4992525651271866,0.44566321707313633,-0.2060972155348513,-0.05113354361646572,0.2166870213213951,-0.1355117206274822,0.4590506043553864,0.9042587205104469,1.0
