Property,Min,Max,Range,Mean,Std,CV
LogD,-2.0,5.2,7.2,2.1116888271482437,1.1905744631140578,56.38020374061854
KSOL,0.00285,325.0,324.99715,146.3350083073323,114.92738211128206,78.53717537632004
HLM CLint,0.0,2589.9,2589.9,52.78119180633147,126.03915342431584,238.79558060528026
MLM CLint,0.0,10354.8,10354.8,560.5326846528085,976.7543558590954,174.25466571393474
Caco-2 Permeability Papp A>B,0.0,51.41,51.41,12.398382012053776,10.634463997516823,85.77299834105723
Caco-2 Permeability Efflux,0.26,105.64,105.38,4.216728366496993,9.439260313376312,223.852700315574
MPPB,0.0,87.6,87.6,14.74800307219662,16.31371561908962,110.616437623645
MBPB,0.0,99.23,99.23,7.667107692307693,11.711716848687553,152.75273699934803
MGMB,0.0,61.8,61.8,7.53241981981982,9.556697330820338,126.8741992536595
