property,n_samples,pct_available,mean,std,min,max,median,skewness
LogD,5039,94.6113405933158,2.1116888271482437,1.1905744631140578,-2.0,5.2,2.1,-0.2995672783183229
KSOL,5128,96.28238828389036,146.3350083073323,114.92738211128206,0.00285,325.0,131.0,-0.00229314706511453
HLM CLint,3759,70.57829515583927,52.78119180633147,126.03915342431586,0.0,2589.9,16.4,6.985868558782167
MLM CLint,4522,84.90424333458505,560.5326846528085,976.7543558590954,0.0,10354.8,219.64999999999998,4.192762543218614
Caco-2 Permeability Papp A>B,2157,40.49943672549756,12.398382012053776,10.634463997516823,0.0,51.41,9.82,0.8510452082142996
Caco-2 Permeability Efflux,2161,40.57453999248967,4.216728366496993,9.439260313376312,0.26,105.64,1.38,5.892097071088155
MPPB,1302,24.446113405933158,14.74800307219662,16.31371561908962,0.0,87.6,8.9,1.7774033847608532
MBPB,975,18.306421329327826,7.667107692307693,11.711716848687553,0.0,99.23,3.38,3.4242912713998517
MGMB,222,4.168231318062335,7.53241981981982,9.556697330820338,0.0,61.8,4.425,2.7515531821660844
