Property,Median,Q1,Q3,IQR,Skewness,Kurtosis
LogD,2.1,1.4,2.9,1.5,-0.299656486872129,0.04991061658004492
KSOL,131.0,24.9,261.0,236.1,-0.002293818088269919,-1.7356748191513836
HLM CLint,16.4,5.8,45.1,39.300000000000004,6.988657637968357,79.72275826499647
MLM CLint,219.64999999999998,62.7,585.35,522.65,4.19415392107326,25.59414472810984
Caco-2 Permeability Papp A>B,9.82,3.05,19.45,16.4,0.8516375601781447,-0.019789728439997045
Caco-2 Permeability Efflux,1.38,0.94,2.89,1.9500000000000002,5.896190542467358,43.89609202233006
MPPB,8.9,3.1,20.4,17.299999999999997,1.7794541035069553,3.2085035446816925
MBPB,3.38,1.1549999999999998,9.015,7.860000000000001,3.4295697890464285,15.543269292003203
MGMB,4.425,1.79,9.74,7.95,2.7703067138752733,9.494382017086586
